{
    "schema": "1.0",
    "type": "whmcs-gateways",
    "name": "digiwallet_ideal",
    "license": "proprietary",
    "category": "payments",
    "description": {
        "name": "DigiWallet for iDeal",
        "tagline": "Meest gebruikte betaalmethode in Nederland",
        "long": "Gemakkelijk en veilig iDEAL toevoegen als betaalmethode",
        "features": [
            "Alle betalingen zijn gegarandeerd en kunnen niet geannuleerd worden",
            "iDEAL straalt vertrouwen en veiligheid uit",
            "Geen aansluit- of maandkosten",
            "Alleen transactiekosten voor geslaagde transacties",
            "Technische ondersteuning"
            
        ]
    },
    "logo": {
        "filename": "IDE.png"
    },
    "support": {
        "homepage": "https://www.digiwallet.nl", 
        "learn_more": "https://www.digiwallet.nl", 
        "email": "techsupport@targetmedia.nl", 
        "support_url": "https://www.digiwallet.nl/faq",
        "docs_url": "https://www.digiwallet.nl/documentation/paymethods/ideal"
    },
    "authors": [
        {
            "name": "DigiWallet.nl",
            "homepage": "https://www.digiwallet.nl"
        }
    ]
}