{
    "schema": "1.0",
    "type": "whmcs-gateways",
    "name": "digiwallet_paysafecard",
    "license": "proprietary",
    "category": "payments",
    "description": {
        "name": "DigiWallet for PaysafeCard",
        "tagline": "Prepaid betalen in 43 landen",
        "long": "Prepaidcard die wereldwijd verkrijgbaar is",
        "features": [
            "Alle betalingen zijn gegarandeerd en kunnen niet geannuleerd worden",
            "Er is geen bank of creditcard aan de betaalmethode gekoppeld",
            "Alle betaalmethodes in een transactieoverzicht",
            "Technische ondersteuning"
           
        ]
    },
    "logo": {
        "filename": "WAL.png"
    },
    "support": {
        "homepage": "https://www.digiwallet.nl", 
        "learn_more": "https://www.digiwallet.nl", 
        "email": "techsupport@targetmedia.nl", 
        "support_url": "https://www.digiwallet.nl/faq",
        "docs_url": "https://www.digiwallet.nl/documentation/paymethods/paysafecard"
    },
    "authors": [
        {
            "name": "DigiWallet.nl",
            "homepage": "https://www.digiwallet.nl"
        }
    ]
}