{
    "schema": "1.0",
    "type": "whmcs-gateways",
    "name": "digiwallet_bankwire",
    "license": "proprietary",
    "category": "payments",
    "description": {
        "name": "DigiWallet for Bankwire - Overschrijving",
        "tagline": "Betalen middels bankoverschrijving",
        "long": "In uw eigen DigiWallet omgeving al uw transacties overzichtelijk terugvinden",
        "features": [
            "Internationale betaalmethode met wereldwijde dekking",
            "Veilig",
            "Vertrouwd via de eigen bankomgeving",
            "Alle betaalmethodes in een transactieoverzicht",
            "Technische ondersteuning"
            
        ]
    },
    "logo": {
        "filename": "BW.png"
    },
    "support": {
        "homepage": "https://www.digiwallet.nl", 
        "learn_more": "https://www.digiwallet.nl", 
        "email": "techsupport@targetmedia.nl", 
        "support_url": "https://www.digiwallet.nl/faq",
        "docs_url": "https://www.digiwallet.nl/documentation/paymethods/bankwire"
    },
    "authors": [
        {
            "name": "DigiWallet.nl",
            "homepage": "https://www.digiwallet.nl"
        }
    ]
}